UO_ID,approxBirth,approxDeath
1,582,642
2,-1110,-1050
3,1558,1628
4,944,1004
5,852,912
6,1562,1633
7,648,708
8,902,987
9,1081,1143
10,1099,1174
11,-1088,-1028
12,-1015,-955
13,1438,1508
14,571,634
15,802,843
16,730,790
17,1226,1305
18,1604,1663
19,1273,1345
20,1303,1335
21,-340,-280
22,680,740
23,-171,-106
24,1152,1229
25,760,820
26,1465,1512
27,310,370
28,-1070,-1010
29,-479,-419
30,1220,1282
31,-590,-530
32,935,982
33,258,318
34,1665,1719
35,669,729
36,814,874
37,66,138
38,1099,1159
39,-1020,-960
40,-1120,-1060
41,1110,1170
42,80,140
43,208,254
44,-923,-863
45,-220,-160
46,-923,-863
47,450,510
48,1406,1464
49,-1065,-1005
50,-1053,-993
51,-385,-325
52,-440,-380
53,-525,-456
54,-987,-927
55,-621,-561
56,-90,-30
57,394,454
58,560,620
59,-1040,-980
60,0,60
61,-140,-80
62,172,232
63,-959,-899
64,160,220
65,525,585
66,-361,-289
67,-445,-361
68,556,616
69,-263,-241
70,780,840
71,37,93
72,1494,1555
73,1442,1485
74,10,64
75,50,110
76,1486,1534
77,-63,-12
78,-1,59
79,-957,-897
80,-786,-726
81,823,883
82,591,651
83,1350,1420
84,1109,1166
85,948,1008
86,1542,1605
87,1710,1770
88,90,150
89,1168,1237
90,712,775
91,623,689
92,1386,1446
93,634,694
94,1390,1450
95,1122,1182
96,350,410
97,243,303
98,1578,1660
99,868,928
100,1664,1752
101,1248,1308
102,1249,1309
103,1403,1463
104,1220,1280
105,138,198
106,955,1015
107,514,574
108,1215,1275
109,1080,1140
110,801,861
111,1452,1515
112,-647,-587
113,1440,1500
114,1493,1550
115,-450,-404
116,463,523
117,-710,-650
118,754,814
119,1330,1390
120,649,709
121,1545,1605
122,-355,-323
123,1471,1521
124,1443,1503
125,161,221
126,-70,-10
127,209,235
128,480,540
129,1058,1118
130,-50,10
131,839,899
132,850,900
133,1032,1092
134,601,660
135,940,1000
136,-251,-191
137,1060,1120
138,1100,1160
139,1365,1425
140,-540,-480
141,773,833
142,1049,1109
143,849,912
144,1109,1169
145,1110,1185
146,1217,1284
147,1068,1128
148,1508,1582
149,-586,-526
150,-869,-809
151,337,397
152,448,508
153,718,778
154,-947,-887
155,1501,1561
156,320,380
157,-1062,-1002
158,167,247
159,349,409
160,460,520
161,-845,-785
162,-1110,-1050
163,280,340
164,-1003,-943
165,604,664
166,-559,-474
167,-630,-570
168,431,518
169,83,155
170,826,886
171,230,290
172,-500,-428
173,-380,-320
174,-607,-547
175,-568,-504
179,1287,1347
180,-208,-148
181,20,80
182,-99,-39
183,1475,1564
184,1356,1416
185,362,422
186,466,526
187,1506,1566
188,-300,-240
189,1432,1492
190,1033,1109
191,780,840
192,1702,1762
193,-83,-30
194,1171,1231
195,-361,-301
196,-300,-240
197,-281,-221
198,-303,-243
199,71,131
201,135,187
200,-100,-40
202,-379,-319
203,-161,-101
204,-184,-124
205,-471,-411
206,-436,-376
207,1420,1480
208,20,80
209,-143,-87
210,740,800
211,297,357
212,-63,-3
213,86,161
214,-374,-314
215,140,200
216,70,130
217,322,382
218,422,482
219,-160,-100
221,-155,-95
222,100,160
223,-282,-222
224,-270,-210
225,-116,-56
226,37,97
227,103,163
228,-5,55
229,-503,-443
230,-631,-571
231,198,258
232,107,167
233,1260,1320
234,80,140
235,1214,1274
236,520,580
237,-317,-257
238,151,213
239,334,394
240,1675,1735
241,377,408
242,-312,-241
243,-259,-199
244,-759,-699
245,410,470
246,-700,-640
247,-272,-212
248,-415,-355
249,581,641
250,460,520
251,-340,-280
252,337,397
253,1369,1443
254,1491,1556
255,1450,1510
256,1010,1070
257,1410,1480
258,-660,-600
259,1474,1533
260,298,358
261,-227,-155
262,-304,-244
263,1120,1180
264,-520,-460
265,87,147
266,125,185
267,-380,-320
268,-432,-372
269,-243,-183
270,-164,-104
271,-840,-780
272,-692,-632
273,-444,-384
274,-260,-200
275,-385,-322
276,-380,-320
277,-330,-270
278,-332,-272
279,276,336
280,-18,19
281,1560,1609
282,1160,1220
283,1250,1310
284,263,323
285,420,480
286,1095,1155
287,1040,1124
288,96,156
289,-305,-245
290,169,229
291,182,242
292,106,166
293,106,166
294,655,715
295,-481,-421
296,472,542
297,1353,1413
298,40,100
299,1039,1099
300,-974,-914
301,530,590
302,353,427
303,460,520
304,1515,1560
305,-118,-58
306,-380,-320
307,-9,76
308,846,941
309,1616,1692
310,-37,23
311,-76,4
312,738,832
313,849,909
314,960,1020
315,696,756
316,-605,-545
317,-820,-760
318,-938,-878
319,322,382
320,311,371
321,354,414
322,1090,1150
323,880,940
324,137,197
325,-340,-280
326,-155,-95
327,150,210
328,1621,1709
329,-213,-153
330,1662,1732
331,-109,-32
332,394,454
333,415,475
334,-62,14
335,1672,1732
336,1281,1345
337,212,275
338,122,180
339,1617,1707
340,334,394
341,354,430
342,545,605
343,530,590
344,-370,-310
345,1110,1170
346,1146,1206
347,983,1036
348,246,306
349,395,455
350,894,954
351,-520,-460
352,1560,1626
353,1214,1292
354,1286,1346
355,730,790
356,1345,1403
357,1146,1206
358,1143,1203
359,1264,1324
360,1474,1517
361,72,132
362,1649,1690
363,1297,1357
364,1655,1712
365,1547,1619
366,1538,1607
367,1631,1677
368,395,455
369,1616,1680
370,1313,1359
371,1300,1360
372,327,378
373,72,132
374,415,475
375,1653,1723
376,1510,1592
377,1370,1430
378,-673,-613
379,1615,1691
380,1567,1627
381,1647,1706
382,1111,1171
383,665,735
384,1570,1642
385,1375,1435
386,505,565
387,1542,1621
388,1432,1511
389,1479,1547
390,480,546
391,-955,-895
392,1662,1742
393,864,924
394,998,1088
395,1680,1753
396,1093,1153
397,1380,1444
398,1620,1680
399,1655,1705
400,-308,-248
401,800,860
402,1395,1472
403,1635,1710
404,1518,1605
405,-641,-581
406,1616,1662
407,-227,-167
408,-307,-247
409,1330,1376
410,1603,1657
411,1422,1482
412,1295,1355
413,1388,1463
414,20,80
415,1314,1376
416,-811,-751
417,1599,1667
418,1536,1596
419,1575,1624
420,1668,1738
421,466,526
422,1470,1530
423,1636,1711
424,965,1025
425,1678,1751
426,1214,1274
427,685,745
428,1681,1733
429,1607,1679
430,1447,1507
431,1701,1761
432,1639,1704
433,1700,1760
434,1626,1691
435,1220,1280
436,1692,1762
437,1275,1335
438,-482,-422
439,1059,1119
440,1330,1390
441,-438,-378
442,1270,1330
443,1556,1630
444,1531,1591
445,-5,55
446,1184,1244
447,1460,1520
448,1041,1101
449,1065,1125
450,1540,1600
451,-569,-509
452,-85,-42
453,1485,1551
454,1506,1582
455,1592,1628
456,1467,1540
457,1504,1575
458,-580,-520
459,956,1016
460,1538,1598
461,1643,1715
462,2,62
463,1522,1592
464,1519,1579
466,1692,1752
465,1612,1680
467,1564,1629
468,540,600
469,1487,1557
470,-1085,-1025
471,-590,-530
472,-221,-161
473,1320,1380
474,1569,1613
475,-100,-44
476,150,210
477,1510,1573
478,1469,1534
479,1671,1732
480,1210,1270
481,12,41
482,-370,-310
483,268,328
484,-304,-244
485,633,693
486,-405,-345
487,241,301
488,1509,1564
489,1218,1278
490,750,810
491,1551,1623
492,1499,1574
493,-460,-365
494,1529,1579
495,1159,1219
496,1315,1375
497,1703,1763
498,976,1036
499,430,490
500,1579,1658
501,-46,14
502,261,321
503,174,217
504,7,67
505,-636,-576
506,233,293
507,1500,1575
508,1331,1386
509,-218,-128
510,450,510
511,1470,1530
512,1569,1609
513,1345,1405
514,-305,-245
515,224,284
516,1560,1614
517,1310,1370
518,-358,-298
519,351,448
520,1625,1712
521,507,567
522,-102,-42
523,-235,-175
524,30,90
525,-545,-485
526,1515,1563
527,1268,1328
528,-122,-62
529,1519,1589
530,-233,-148
531,160,220
532,-94,-46
533,-86,-40
534,-147,-87
535,1310,1370
536,1598,1647
537,1648,1713
538,1452,1491
539,-445,-385
540,-1165,-1105
541,1016,1076
542,110,170
543,-23,37
544,198,258
545,-1054,-994
546,474,534
547,-1070,-1010
548,40,100
549,998,1058
550,1551,1620
551,-436,-376
552,-15,45
553,1430,1510
554,743,813
555,828,888
556,691,741
557,1684,1719
558,1500,1558
559,1471,1498
560,823,876
561,-135,-75
562,-519,-459
563,-486,-426
564,-687,-627
565,1541,1603
566,1328,1400
567,1514,1557
568,-865,-805
569,1683,1743
570,1383,1443
571,1602,1644
572,-979,-919
573,710,770
574,530,590
575,567,627
576,520,580
577,-4,33
578,705,765
579,134,207
580,1355,1415
581,354,407
582,1680,1747
583,1704,1764
584,-640,-580
585,1525,1581
586,1671,1757
587,-107,-43
588,1039,1099
589,1240,1300
590,-500,-449
591,-496,-436
592,-144,-84
593,1128,1188
594,1712,1765
595,1607,1674
596,1675,1729
597,357,417
598,-10,53
599,1537,1612
600,1698,1758
601,-320,-240
602,166,226
603,25,85
604,1254,1314
605,1536,1605
606,500,560
607,-467,-407
608,-279,-219
609,-71,-30
610,-582,-522
611,-608,-548
612,-160,-100
613,-112,-52
614,502,562
615,584,628
616,467,511
617,-864,-804
618,110,170
619,-150,-90
620,1619,1683
621,1466,1519
622,1410,1470
623,1516,1572
624,1676,1729
625,535,595
626,555,615
627,1442,1506
628,-8,52
629,478,538
630,1130,1190
631,1509,1575
632,1445,1509
633,286,346
634,1077,1137
636,1620,1686
635,1509,1569
637,419,479
638,1672,1729
639,-453,-393
640,-453,-393
641,-278,-218
642,1131,1191
643,1229,1254
644,1208,1268
645,1320,1380
646,899,959
647,271,337
648,1050,1110
649,246,306
650,1549,1634
651,1483,1543
652,1252,1312
653,1673,1733
654,610,670
655,-548,-488
656,1465,1565
657,1606,1684
658,-70,-10
659,1494,1534
660,1492,1554
661,-66,9
662,198,299
663,690,750
664,1389,1464
665,1683,1716
666,1571,1631
667,1550,1611
668,1619,1667
670,-1085,-1025
671,1489,1556
672,-332,-272
673,1457,1517
674,-113,-53
675,-139,-91
676,-381,-321
677,-310,-250
678,-205,-145
679,-342,-282
680,-491,-431
681,-93,-33
682,1589,1632
683,-647,-587
684,938,998
685,650,710
686,535,595
687,-461,-401
689,-440,-380
688,60,120
690,-200,-140
691,-597,-537
692,1598,1658
693,1480,1540
694,754,814
695,-439,-379
696,-316,-256
697,-176,-116
698,1617,1688
699,1522,1590
700,-108,-48
701,24,84
702,1401,1464
703,1397,1457
704,1469,1529
705,-640,-580
706,-394,-334
707,198,258
708,384,444
709,310,370
710,-599,-529
711,-461,-401
712,1651,1720
713,1260,1320
714,-1027,-967
715,700,760
716,500,560
717,306,366
718,1012,1072
719,316,376
720,313,373
721,-979,-919
722,1145,1205
723,-647,-556
724,1265,1321
725,957,1017
726,-402,-342
727,-1084,-1015
728,1494,1554
729,1548,1608
730,1694,1754
731,191,251
732,-484,-424
733,1528,1608
734,-382,-322
735,224,284
736,110,170
737,-340,-286
738,-470,-361
739,-340,-280
740,-382,-322
741,1261,1324
742,-314,-254
743,1596,1650
744,-1101,-1041
745,-390,-330
746,741,801
747,-452,-392
748,-350,-290
749,20,80
750,-923,-863
751,310,395
752,-80,-20
753,1603,1665
754,-354,-294
755,-340,-280
756,-410,-350
757,189,249
759,-190,-130
758,-360,-300
760,233,313
761,-350,-290
762,-84,-24
763,480,540
764,-414,-324
765,-210,-150
766,62,122
767,-414,-354
768,65,125
769,205,265
770,-301,-241
771,460,520
772,-91,-31
773,-360,-279
774,-398,-338
775,-42,18
776,-421,-361
777,480,540
778,116,176
779,-63,-3
780,-138,-78
781,1610,1646
782,1701,1752
783,1642,1711
784,-602,-542
785,1170,1221
786,1581,1641
787,51,96
788,835,933
789,1465,1560
790,-1053,-993
791,-240,-180
792,-612,-552
793,400,460
794,1545,1596
795,610,670
796,1555,1616
797,-39,-9
798,1631,1701
799,1610,1688
800,1493,1553
801,1606,1686
802,1461,1521
803,-300,-240
804,1248,1308
805,928,988
806,1657,1719
807,1236,1296
808,1471,1528
809,1082,1142
810,1671,1730
811,943,975
812,1050,1121
813,1239,1307
814,1314,1377
815,1002,1066
816,959,978
817,573,633
818,778,838
819,405,465
820,782,842
821,1360,1420
822,910,970
823,1494,1554
824,-956,-896
825,-890,-830
826,454,514
827,1555,1615
828,1469,1521
829,,413
830,-239,-169
831,473,521
832,303,363
833,-391,-331
834,318,378
835,-520,-460
836,101,161
837,-342,-270
838,-310,-250
839,-636,-576
840,332,403
841,470,530
842,1583,1643
843,-377,-317
844,1466,1536
845,-276,-194
846,-1075,-1015
847,823,883
848,20,80
849,-727,-667
850,894,966
851,1541,1601
852,1307,1367
853,556,616
854,1646,1732
855,-431,-371
856,-340,-280
857,-444,-384
858,-471,-411
859,675,735
860,400,460
861,-442,-352
862,1663,1736
863,334,394
864,1383,1447
865,799,859
867,-375,-315
866,-219,-159
868,-960,-900
869,320,380
870,332,392
871,-63,-3
872,-276,-220
873,-402,-342
874,-470,-410
875,-440,-380
876,424,484
877,-477,-407
878,282,342
879,270,340
880,1510,1570
881,1121,1181
882,1070,1130
883,316,376
884,411,471
885,890,950
886,535,615
887,-983,-923
888,1621,1706
889,1370,1441
890,-633,-573
891,-487,-427
892,1436,1537
893,1615,1672
894,-250,-190
895,-265,-205
896,-356,-296
897,240,300
898,1669,1736
899,1580,1657
900,500,560
901,331,391
902,1583,1643
903,1523,1562
904,870,950
905,1379,1459
906,116,176
907,80,140
908,79,139
909,1652,1715
910,1005,1065
911,1453,1516
912,1499,1559
913,610,670
914,1433,1499
915,1707,1754
916,-144,-84
917,223,283
918,300,360
919,210,270
920,1478,1538
921,-242,-182
922,1645,1719
923,1262,1322
924,-346,-286
925,1652,1743
926,76,136
927,1690,1754
928,1410,1470
930,1697,1753
929,1707,1763
931,1621,1681
932,1518,1587
933,1482,1553
934,1495,1547
935,1265,1325
936,1181,1227
937,1270,1330
938,1007,1067
939,703,763
940,1196,1250
941,1610,1670
942,1127,1190
943,1608,1660
944,1611,1665
945,1677,1728
946,1467,1527
947,1534,1594
948,1337,1400
949,33,93
950,469,529
951,431,491
952,1410,1470
953,1406,1466
954,1280,1340
955,1239,1312
956,340,400
957,-3,69
958,1342,1402
959,130,200
960,1564,1642
961,218,268
962,-69,-26
963,1462,1522
964,169,229
965,337,397
966,1483,1555
967,1110,1170
968,1353,1413
969,1587,1658
970,1599,1655
971,1575,1654
972,1251,1311
973,1688,1732
974,1398,1458
975,770,830
976,1050,1110
977,436,496
978,130,190
979,-538,-478
980,1666,1762
981,-117,-57
982,1390,1490
983,452,512
984,415,475
985,1112,1172
986,1672,1731
987,1477,1511
988,-15,19
989,680,740
990,1195,1255
991,519,579
992,968,1028
993,1363,1421
994,1162,1222
995,1516,1565
996,1449,1493
997,1670,1748
998,1170,1230
999,1540,1603
1000,510,570
1001,647,707
1002,1276,1336
1003,1146,1240
1004,990,1050
1005,1141,1201
1006,1500,1560
1007,1387,1447
1008,1087,1147
1009,804,864
1010,1040,1100
1011,1596,1667
1012,1438,1510
1013,993,1053
1014,225,244
1015,177,237
1016,-508,-400
1017,1666,1714
1018,1342,1402
1019,1293,1353
1020,61,121
1021,107,167
1022,73,133
1023,1633,1703
1025,1096,1156
1024,359,383
1026,-40,20
1027,1603,1652
1028,1220,1280
1029,1321,1381
1030,1296,1356
1031,249,309
1032,1525,1585
1033,1025,1085
1034,1142,1241
1035,1244,1304
1036,329,389
1037,215,275
1038,335,395
1039,535,595
1040,206,266
1041,544,604
1042,1639,1675
1043,612,672
1044,1442,1522
1045,1645,1716
1046,1194,1254
1047,1583,1645
1048,1560,1627
1049,1131,1191
1050,1542,1612
1051,1314,1380
1052,1482,1540
1053,1575,1642
1054,1025,1085
1055,1528,1588
1056,1189,1249
1057,850,910
1058,449,509
1059,1581,1626
1060,1170,1230
1061,203,263
1062,1572,1632
1063,1490,1560
1064,1405,1465
1065,980,1040
1066,-455,-395
1067,-770,-710
1068,-1120,-1060
1069,-568,-508
1070,978,1038
1071,1267,1327
1073,960,1020
1072,760,820
1074,1609,1676
1075,1185,1245
1076,1680,1761
1077,1160,1220
1078,1060,1120
1079,770,830
1080,1660,1742
1081,1594,1643
1082,-288,-228
1083,783,858
1084,1684,1759
1085,735,767
1086,-247,-183
1087,-464,-404
1088,-495,-435
1089,1646,1729
1090,1691,1764
1091,1661,1724
1092,453,513
1093,921,981
1094,1006,1066
1095,762,809
1096,845,905
1097,-574,-514
1098,210,270
1099,1617,1677
1100,1560,1621
1101,1705,1757
1102,830,890
1103,1577,1657
1104,1315,1375
1105,1334,1394
1106,793,853
1107,-912,-852
1108,1680,1735
1109,1064,1164
1110,-300,-240
1111,-233,-173
1112,100,160
1113,660,714
1114,-444,-384
1115,358,418
1116,1286,1346
1117,-496,-411
1118,-1083,-1023
1119,1128,1188
1120,1577,1644
1121,460,520
1122,600,660
1123,1514,1574
1124,1260,1320
1125,418,487
1126,877,936
1127,1554,1611
1128,1051,1106
1129,1386,1422
1130,1233,1293
1131,1128,1188
1132,100,160
1133,-546,-486
1134,581,641
1135,1625,1695
1136,1581,1648
1137,-964,-925
1138,227,287
1139,1001,1061
1140,25,85
1141,500,560
1142,130,190
1143,290,350
1144,500,560
1145,1454,1493
1146,-170,-110
1147,-73,-3
1148,110,185
1149,207,267
1150,-483,-423
1151,-484,-412
1152,1697,1757
1153,-910,-850
1154,260,320
1155,1612,1688
1156,1600,1662
1157,-757,-697
1158,1642,1715
1159,-527,-467
1160,-285,-225
1161,410,470
1162,262,322
1163,1317,1377
1164,292,372
1165,1072,1132
1166,-80,-20
1167,280,340
1168,1557,1619
1169,323,383
1170,-437,-377
1171,822,882
1172,-340,-280
1173,-185,-125
1174,-540,-480
1175,-550,-490
1176,-460,-361
1177,-578,-518
1178,-1050,-990
1179,-103,-43
1180,1661,1704
1181,-558,-498
1182,1676,1761
1183,1588,1679
1184,1653,1727
1185,1700,1764
1186,1498,1554
1187,1300,1360
1188,1360,1420
1189,1607,1667
1190,1643,1710
1191,1652,1715
1192,-890,-830
1193,815,875
1194,385,424
1195,1090,1150
1196,1636,1703
1197,1554,1600
1198,-65,-8
1199,249,309
1200,1265,1325
1201,1617,1640
1202,-113,-50
1203,-781,-721
1204,627,683
1205,-790,-730
1206,301,361
1207,1620,1667
1208,1524,1590
1209,1536,1624
1210,1453,1513
1211,1487,1553
1212,818,878
1213,1177,1237
1214,1662,1719
1215,1631,1721
1216,940,996
1217,896,956
1218,1202,1262
1219,1204,1264
1220,817,900
1221,1108,1168
1222,1396,1456
1223,1376,1415
1224,1694,1747
1225,1674,1737
1226,1629,1695
1227,-49,11
1228,-984,-924
1229,355,415
1230,-382,-322
1231,170,230
1232,-220,-160
1233,-167,-107
1234,273,333
1235,412,472
1236,48,108
1237,-440,-380
1238,667,727
1239,-1165,-1105
1240,396,456
1241,1064,1109
1242,357,417
1243,1083,1143
1244,1156,1216
1245,-459,-399
1246,956,1016
1247,-426,-366
1248,-816,-756
1249,142,202
1250,747,807
1250.5,,
1251,-755,-695
1252,1150,1210
1253,572,632
1254,-1108,-1048
1255,-5,55
1256,576,636
1257,376,436
1258,1495,1523
1259,-437,-338
1260,-420,-360
1261,836,922
1262,528,588
1263,1151,1211
1264,-383,-323
1265,1180,1240
1266,1578,1638
1267,1105,1180
1268,-977,-917
1269,-227,-167
1270,57,117
1271,661,721
1272,-899,-839
1273,-652,-592
1274,-949,-889
1275,-916,-856
1276,1161,1227
1277,-637,-577
1278,-914,-854
1279,-843,-783
1280,342,420
1281,1356,1416
1282,-287,-227
1283,1160,1220
1284,1371,1431
1285,1324,1381
1286,1310,1370
1287,1315,1375
1288,1140,1200
1289,1010,1070
1290,520,580
1291,-883,-823
1292,-898,-838
1293,-411,-351
1294,-339,-279
1295,-780,-720
1296,7,99
1297,1217,1277
1298,1274,1334
1299,1218,1278
1300,1300,1360
1301,1338,1398
1302,1358,1433
1303,1121,1181
1304,1636,1696
1305,1310,1370
1306,-5,32
1307,1574,1638
1308,-840,-780
1309,-10,50
1310,-204,-144
1311,1591,1651
1312,-944,-884
1313,492,552
1314,37,93
1315,-669,-609
1316,-801,-741
1317,331,364
1318,1482,1552
1319,1504,1578
1320,120,180
1321,723,783
1322,-221,-161
1323,-166,-106
1324,-46,14
1325,162,222
1326,332,363
1327,654,714
1328,1492,1546
1329,1453,1513
1330,146,206
1331,108,168
1332,103,163
1333,482,565
1334,68,128
1335,290,350
1336,67,127
1337,583,643
1338,1672,1721
1339,1380,1471
1340,1572,1630
1341,1601,1680
1342,1468,1528
1343,1160,1220
1344,1650,1729
1345,1646,1723
1346,1355,1415
1347,1505,1572
1348,745,805
1349,1670,1716
1350,-50,10
1351,-100,-40
1352,271,331
1353,159,219
1354,1376,1414
1356,-184,-124
1355,-236,-176
1357,1037,1097
1358,1516,1572
1359,267,327
1360,1261,1321
1361,1582,1647
1362,1220,1280
1363,1028,1088
1364,1168,1228
1365,-997,-937
1366,1690,1750
1367,1423,1513
1368,1470,1555
1369,20,80
1370,1573,1644
1371,460,520
1372,1468,1528
1373,1330,1390
1374,1609,1680
1375,1657,1736
1376,1646,1716
1377,1528,1588
1378,1492,1552
1379,-1165,-1105
1380,1461,1521
1381,761,821
1382,1575,1654
1383,401,461
1384,997,1057
1385,1428,1524
1386,-540,-480
1387,428,488
1388,579,639
1389,1303,1363
1390,-73,-13
1391,-40,20
1392,400,460
1393,1250,1310
1394,1419,1483
1395,1462,1515
1396,1638,1715
1397,1121,1180
1398,1215,1270
1399,318,378
1400,1560,1620
1401,307,367
1402,252,312
1403,1610,1670
1404,1602,1675
1405,1468,1522
1406,1634,1712
1407,1460,1524
1408,-990,-930
1409,1432,1488
1410,1547,1606
1411,-57,29
1412,-280,-220
1413,-59,17
1414,1634,1704
1415,1262,1322
1416,-59,1
1417,1103,1163
1419,213,273
1418,438,498
1420,1563,1647
1421,510,570
1422,1563,1635
1423,1280,1340
1424,1491,1556
1425,39,65
1426,1460,1520
1427,90,180
1428,-149,-103
1429,-98,-54
1430,-117,-57
1431,-40,20
1432,910,970
1433,684,744
1434,1633,1687
1435,1235,1315
1436,792,852
1437,1134,1194
1438,1483,1546
1439,1628,1695
1440,-1120,-1060
1441,-300,-226
1442,-316,-256
1443,-224,-164
1444,-748,-688
1445,-390,-330
1446,1386,1446
1447,-454,-394
1449,-459,-378
1448,-222,-162
1450,-404,-344
1451,-361,-281
1452,1402,1481
1453,341,401
1454,-76,-16
1455,1469,1529
1456,1698,1746
1457,202,262
1458,165,218
1459,355,415
1460,-68,-8
1461,1460,1520
1462,293,353
1463,-548,-488
1464,969,1030
1465,1609,1686
1466,1135,1205
1467,1250,1310
1468,-476,-416
1469,1638,1715
1470,454,514
1471,898,958
1472,1033,1093
1473,709,795
1474,1054,1091
1475,560,620
1476,1552,1628
1477,1628,1694
1478,175,235
1479,237,297
1480,-301,-241
1481,1206,1266
1482,-74,-14
1483,-444,-384
1484,1580,1626
1485,1431,1517
1486,1448,1516
1487,1281,1341
1488,1453,1513
1489,1512,1574
1490,496,556
1493,110,170
1491,410,470
1492,350,410
1494,-268,-208
1495,-83,-23
1496,1439,1499
1497,140,200
1498,330,390
1499,94,154
1500,628,688
1501,-499,-439
1502,1354,1412
1503,1422,1482
1504,1230,1290
1505,1537,1624
1506,1026,1086
1507,460,520
1508,-156,-86
1509,1649,1722
1510,1484,1544
1511,1602,1685
1512,29,104
1513,342,402
1514,1542,1587
1515,1421,1443
1516,1662,1728
1517,1587,1647
1518,-246,-149
1519,-15,45
1520,127,187
1521,1338,1398
1522,1100,1167
1523,1257,1317
1524,1160,1220
1525,1312,1372
1526,1702,1762
1527,1565,1625
1528,542,602
1529,1494,1575
1530,253,313
1531,253,313
1532,176,236
1533,290,350
1534,580,662
1535,328,388
1536,120,180
1537,1602,1661
1538,1673,1754
1539,1586,1638
1540,5,65
1541,1496,1560
1542,1268,1328
1543,-994,-934
1544,-483,-423
1545,-393,-333
1546,-821,-761
1547,-345,-293
1548,-702,-642
1549,-410,-350
1550,-10,50
1551,-375,-301
1552,58,118
1553,-217,-157
1554,1490,1550
1555,-1165,-1105
1556,1528,1594
1557,390,450
1558,436,496
1559,1433,1493
1560,820,880
1561,-281,-221
1562,-12,48
1563,786,846
1564,-155,-95
1565,1020,1080
1566,243,303
1567,-470,-410
1568,-340,-280
1569,-210,-150
1570,1579,1639
1571,1610,1683
1572,-790,-730
1573,1422,1482
1574,1684,1750
1575,-549,-489
1576,1608,1674
1577,-640,-580
1578,-1024,-964
1579,220,280
1580,180,240
1581,1438,1498
1582,183,243
1583,-1197,-1137
1584,-135,-63
1585,604,679
1586,200,260
1587,-900,-840
1588,943,987
1589,569,632
1590,1430,1481
1591,760,820
1592,1620,1672
1593,1535,1600
1594,1656,1698
1595,1608,1670
1596,1533,1592
1597,133,193
1598,1689,1755
1599,1654,1741
1600,1205,1265
1601,1158,1218
1602,1507,1567
1603,1612,1650
1604,1520,1575
1605,1250,1310
1606,1475,1535
1607,1638,1691
1608,1150,1210
1609,1270,1330
1610,1352,1412
1611,-217,-157
1612,937,997
1613,90,150
1614,1036,1095
1615,911,965
1616,654,714
1617,-186,-126
1618,1490,1550
1619,1493,1553
1620,-990,-930
1621,1692,1761
1622,1468,1517
1623,-484,-424
1624,550,610
1625,-598,-538
1626,-794,-734
1627,-664,-604
1628,1110,1170
1629,282,342
1630,1194,1270
1631,1686,1747
1632,-263,-203
1633,-798,-738
1634,1550,1617
1635,545,605
1636,1216,1276
1637,-290,-230
1638,-621,-561
1639,-661,-601
1640,-496,-436
1641,241,301
1642,788,848
1643,-85,-25
1644,496,556
1645,36,68
1646,26,98
1647,384,444
1648,1642,1727
1649,-177,-117
1650,1300,1360
1651,710,770
1652,751,811
1653,912,969
1654,-812,-752
1655,1170,1230
1656,1280,1340
1657,-340,-280
1658,-473,-413
1659,1260,1320
1660,90,150
1661,-260,-200
1662,134,194
1663,-100,-40
1664,1710,1770
1665,1492,1572
1666,919,979
1667,370,430
1668,1503,1566
1669,1450,1510
1670,211,271
1671,-630,-570
1672,1113,1173
1673,-1088,-1028
1674,-630,-570
1675,511,600
1676,871,933
1677,1112,1172
1678,355,415
1679,1287,1347
1680,410,470
1681,330,390
1682,207,267
1683,1111,1171
1684,878,942
1685,432,492
1686,1101,1161
1687,1482,1531
1688,950,1010
1689,-998,-938
1690,-600,-540
1691,-1068,-1008
1692,734,794
1693,-1165,-1105
1694,1182,1238
1695,1484,1544
1696,1357,1417
1697,1580,1640
1698,1556,1617
1699,403,463
1700,-380,-320
1701,580,643
1702,292,352
1703,-362,-302
1704,-20,40
1705,10,70
1706,183,213
1707,1524,1584
1708,863,923
1709,1329,1389
1710,338,398
1711,185,254
1712,718,778
1713,1627,1687
1714,-97,-37
1715,375,435
1716,-990,-930
1717,-970,-910
1718,260,320
1719,574,656
1720,1259,1327
1721,32,69
1722,1098,1158
1723,913,973
1724,1209,1295
1725,1622,1682
1726,1652,1685
1727,1573,1646
1728,1407,1467
1729,-42,17
1730,1617,1683
1731,1591,1651
1732,1240,1300
1733,1454,1514
1734,-221,-131
1735,1466,1536
1736,10,70
1737,260,320
1738,1225,1283
1739,1460,1520
1740,1536,1596
1741,1,61
1742,-390,-330
1743,-486,-426
1744,-191,-131
1745,1523,1599
1746,364,424
1747,153,213
1748,1530,1568
1749,70,130
1750,152,212
1752,-333,-273
1751,-590,-530
1753,343,403
1754,1493,1541
1755,1199,1259
1756,1504,1540
1757,-545,-485
1758,-455,-395
1759,-40,20
1760,1623,1662
1761,791,851
1762,-29,31
1763,432,492
1764,1552,1623
1765,7,67
1766,1530,1588
1767,740,800
1768,657,717
1769,371,431
1770,379,439
1771,481,541
1772,-220,-160
1773,338,398
1774,204,264
1775,230,290
1776,518,578
1777,-531,-471
1778,118,178
1779,-340,-280
1780,40,100
1781,1580,1637
1782,-798,-738
1783,1338,1398
1784,370,430
1785,-1165,-1105
1786,1694,1754
1787,-424,-364
1788,-1033,-973
1789,1159,1219
1790,1655,1718
1791,654,714
1792,778,838
1793,715,768
1794,1346,1406
1795,-381,-321
1796,1551,1611
1797,-617,-557
1798,-499,-429
1799,1641,1717
1800,-190,-130
1801,1555,1618
1804,-223,-163
1805,22,52
1802,-1068,-1008
1803,160,220
1806,127,193
1807,1593,1652
1808,1250,1310
1809,1499,1562
1810,1140,1200
1811,1672,1725
1812,1052,1112
1813,7,67
1814,-812,-752
1815,1304,1374
1816,6,66
1817,1140,1200
1818,389,449
1819,1375,1462
1820,-440,-380
1821,-36,24
1822,-665,-605
1823,-612,-552
1824,368,428
1825,-600,-515
1826,-540,-480
1827,-492,-432
1828,-625,-565
1829,1398,1481
1830,-334,-274
1831,-340,-280
1832,-239,-179
1833,1458,1528
1834,1165,1223
1835,1048,1108
1836,-383,-335
1837,189,249
1838,1407,1467
1839,653,713
1840,542,602
1841,-416,-356
1842,1320,1380
1843,-140,-80
1844,53,133
1845,-320,-260
1846,-1,59
1847,160,220
1848,-140,-80
1849,-282,-222
1850,-414,-354
1851,-253,-183
1852,496,556
1853,367,445
1854,184,244
1855,210,270
1856,-74,-14
1857,-420,-360
1858,82,142
1859,550,610
1860,-398,-318
1861,-560,-500
1862,-1120,-1060
1863,826,886
1864,-124,-64
1865,-676,-616
1866,150,210
1867,-1002,-942
1868,1463,1494
1869,-21,39
1870,-521,-435
1871,1321,1381
1872,586,646
1873,-587,-527
1874,9,69
1875,1652,1713
1876,-652,-570
1877,1478,1541
1878,1533,1598
1879,1421,1481
1880,1298,1358
1881,-429,-348
1882,-243,-183
1883,144,204
1884,63,123
1885,20,80
1886,62,122
1887,204,270
1888,50,119
1889,1605,1691
1890,1380,1459
1891,1500,1558
1892,94,150
1893,-330,-270
1894,1495,1543
1895,1661,1741
1896,1448,1494
1897,2,62
1898,265,325
1899,1250,1310
1900,104,164
1901,-206,-124
1902,107,167
1903,-472,-412
1904,-582,-522
1905,-470,-410
1906,-128,-68
1907,-369,-309
1908,-107,-48
1909,-95,-35
1910,1449,1512
1911,106,166
1912,1433,1503
1913,1688,1744
1914,233,304
1915,1555,1615
1916,-135,-50
1917,-40,20
1918,1674,1747
1919,1594,1656
1920,-343,-283
1921,-964,-904
1922,1648,1724
1923,1664,1721
1924,485,545
1925,326,386
1926,232,282
1927,20,80
1928,412,487
1929,386,446
1930,494,554
1931,306,366
1932,480,540
1933,-977,-917
1934,-48,-7
1935,396,456
1936,-463,-403
1937,-380,-320
1938,352,412
1939,1600,1669
1940,-677,-617
1941,1020,1080
1942,830,890
1943,-339,-279
1944,83,162
1945,-368,-284
1946,-590,-530
1947,-80,-20
1948,1631,1694
1949,-807,-747
1950,-364,-304
1951,-318,-272
1952,-568,-497
1953,-370,-310
1954,75,120
1955,160,220
1956,1587,1647
1957,796,856
1958,1483,1553
1959,1639,1699
1960,1540,1617
1961,790,850
1962,1512,1572
1963,1483,1520
1964,1661,1725
1965,910,970
1966,1628,1705
1967,1081,1160
1968,1341,1401
1969,1681,1757
1970,541,601
1971,396,456
1972,428,488
1973,1514,1574
1974,848,908
1975,1436,1476
1976,789,849
1977,-311,-251
1978,-1018,-958
1979,1606,1668
1980,840,900
1981,1454,1521
1982,919,979
1983,-570,-510
1984,940,1000
1985,1598,1671
1986,1210,1270
1987,1688,1761
1988,1113,1173
1989,1585,1642
1990,412,472
1991,1430,1490
1992,1269,1329
1993,1031,1091
1994,1047,1107
1995,1168,1228
1996,1707,1751
1997,1613,1680
1998,1185,1245
1999,1219,1291
2000,972,1032
2001,1152,1212
2002,1095,1153
2003,1620,1675
2004,1180,1240
2005,1661,1741
2006,857,917
2007,-667,-607
2008,1524,1585
2009,1661,1708
2010,-90,-30
2011,592,652
2012,803,863
2013,1577,1640
2014,1702,1762
2015,335,395
2016,70,130
2017,1619,1682
2018,1075,1135
2019,1652,1727
2020,1639,1683
2021,1129,1189
2022,376,436
2023,1638,1731
2024,1321,1381
2025,1607,1676
2026,1702,1762
2027,-756,-696
2028,1606,1666
2029,937,997
2030,1216,1276
2031,-260,-200
2032,1677,1747
2033,913,966
2034,1459,1539
2035,1136,1193
2036,1210,1270
2037,-86,-35
2038,-772,-712
2039,1596,1653
2040,400,460
2041,88,148
2042,176,236
2043,-1157,-1060
2044,190,250
2045,-462,-402
2046,865,925
2047,974,1034
2048,-800,-740
2049,1570,1630
2050,1468,1530
2051,-707,-647
2052,213,273
2053,320,380
2054,-640,-580
2055,-1115,-1055
2056,1682,1739
2057,1452,1498
2058,1549,1622
2059,1696,1750
2060,1171,1231
2061,-190,-130
2062,1540,1609
2063,1483,1558
2064,1404,1467
2065,1560,1620
2066,1496,1556
2067,1576,1649
2068,-235,-184
2069,-185,-129
2070,-230,-170
2071,-188,-128
2072,1250,1310
2073,-30,30
2074,-540,-480
2075,-130,-70
2076,1554,1578
2077,555,615
2078,409,469
2079,-29,31
2080,1584,1654
2081,202,280
2082,1465,1519
2083,-800,-740
2084,20,80
2085,-340,-280
2086,-769,-709
2087,2,65
2088,25,85
2089,24,84
2090,850,910
2091,160,220
2092,-133,-73
2093,1509,1553
2094,370,430
2095,-1016,-956
2096,-741,-681
2097,-70,-10
2098,155,211
2099,-241,-181
2100,130,190
2101,1400,1466
2102,765,819
2103,1563,1616
2104,1410,1470
2105,1671,1713
2106,1621,1682
2107,1323,1383
2108,1678,1761
2109,1216,1296
2110,1370,1430
2111,1418,1478
2112,1650,1707
2113,1638,1662
2114,1053,1113
2115,1369,1438
2116,1525,1585
2117,-1,74
2118,943,1003
2119,987,1047
2120,1010,1070
2121,860,920
2122,1125,1185
2123,1035,1095
2124,400,460
2125,-343,-283
2126,1639,1712
2127,-559,-469
2128,506,566
2129,1711,1761
2130,-131,-71
2131,-1023,-963
2132,1424,1484
2133,1530,1590
2134,1496,1556
2135,1660,1752
2136,1700,1760
2137,1560,1620
2138,1179,1239
2139,1539,1604
2141,-470,-400
2140,379,439
2142,1074,1134
2143,1025,1085
2144,1492,1566
2145,41,101
2146,-1033,-975
2147,859,919
2148,-629,-549
2149,1652,1716
2150,1491,1551
2151,480,540
2152,-497,-406
2153,70,130
2154,1201,1274
2155,-295,-235
2156,-86,-26
2157,-323,-263
2158,-244,-184
2159,390,450
2160,1629,1710
2161,-131,-71
2162,251,311
2163,1559,1619
2164,1581,1641
2165,1632,1695
2166,1235,1325
2167,1538,1598
2168,-399,-339
2169,1634,1678
2170,-99,-39
2171,1210,1270
2172,1660,1720
2173,31,91
2174,1676,1729
2175,1302,1350
2176,510,570
2177,590,650
2178,1528,1598
2179,1493,1559
2180,1489,1549
2181,-616,-556
2182,1460,1520
2183,348,408
2184,1626,1689
2185,-349,-289
2186,365,425
2187,1454,1531
2188,1526,1605
2189,-35,25
2190,1581,1641
2191,-328,-268
2192,1116,1176
2193,1643,1737
2194,1508,1589
2195,62,122
2196,1010,1070
2197,1285,1345
2198,1559,1641
2199,45,105
2200,-208,-148
2201,-104,-44
2202,360,420
2203,953,1013
2204,1667,1745
2205,794,854
2206,1623,1689
2207,1617,1683
2208,1526,1586
2209,-138,-78
2210,351,411
2211,161,221
2212,230,290
2213,372,432
2214,-261,-201
2215,390,450
2216,840,923
2218,44,104
2217,216,276
2219,1213,1294
2220,1686,1736
2221,1393,1453
2222,-1059,-999
2223,766,826
2224,-583,-493
2225,1497,1557
2226,-126,-66
2227,1544,1595
2228,131,191
2229,172,232
2230,1695,1761
2231,917,977
2232,1329,1399
2233,-237,-177
2234,1510,1570
2235,-442,-382
2236,1629,1700
2237,1610,1694
2238,-194,-159
2239,360,420
2240,-688,-628
2241,160,220
2242,-935,-875
2243,913,973
2244,510,570
2245,456,546
2246,1301,1361
2247,1256,1316
2248,-74,-14
2249,326,386
2250,-514,-449
2251,-302,-242
2252,761,821
2253,1388,1478
2254,405,465
2255,455,526
2256,490,550
2257,-370,-310
2258,-340,-280
2259,630,690
2260,1244,1304
2261,370,430
2262,345,405
2263,1070,1130
2264,605,665
2265,759,826
2266,335,395
2267,-115,-55
2268,143,203
2269,-608,-548
2270,345,405
2271,77,137
2272,748,816
2274,121,181
2273,610,670
2275,725,785
2276,-373,-288
2277,1022,1082
2278,572,632
2279,-394,-334
2280,-990,-925
2281,-576,-516
2282,460,520
2283,-972,-912
2284,762,822
2285,1700,1748
2286,1660,1725
2287,1260,1320
2288,-1004,-944
2289,6,66
2290,330,390
2291,-26,34
2292,1553,1617
2293,311,391
2294,-41,37
2295,522,582
2296,-103,-19
2297,-968,-908
2298,-787,-727
2299,-121,-37
2300,1629,1694
2301,1563,1632
2302,-358,-262
2303,-480,-420
2304,-327,-267
2305,-397,-337
2306,-87,-27
2307,-303,-243
2308,-396,-336
2309,-390,-330
2310,1334,1405
2311,1697,1733
2312,1476,1536
2313,1512,1594
2314,-757,-697
2315,-455,-395
2316,1477,1576
2317,40,81
2318,1059,1119
2319,995,1063
2320,1671,1722
2321,-381,-321
2322,1608,1647
2323,1663,1733
2324,1414,1454
2325,492,552
2326,1656,1708
2327,47,111
2328,1396,1485
2329,-70,-10
2330,489,549
2331,260,320
2332,1490,1550
2333,1456,1516
2334,1268,1328
2335,-81,-21
2336,1629,1691
2337,-1059,-999
2338,-57,3
2339,1385,1445
2340,-627,-567
2341,1317,1377
2342,1611,1675
2343,1512,1565
2344,29,89
2345,-161,-101
2346,1571,1616
2347,-111,-51
2348,-647,-587
2349,1110,1170
2350,1363,1423
2351,325,385
2352,166,226
2353,110,170
2354,1407,1467
2355,1142,1202
2356,1039,1099
2357,1310,1370
2358,1329,1389
2359,1568,1644
2360,-1094,-1034
2361,1270,1330
2362,1580,1655
2363,740,800
2364,-818,-758
2365,1632,1708
2366,1134,1182
2367,329,379
2368,1370,1430
2369,80,140
2370,307,367
2371,230,275
2372,44,104
2373,-17,43
2374,1342,1402
2375,1415,1465
2376,1599,1641
2377,1585,1619
2378,-57,3
2379,-116,-28
2380,-42,18
2381,1633,1707
2382,340,400
2383,520,580
2384,1474,1534
2385,1684,1757
2386,1432,1488
2387,-48,12
2388,1655,1735
2389,1684,1756
2390,130,169
2391,1512,1564
2392,9,78
2393,310,370
2394,1666,1732
2395,323,383
2396,394,454
2397,243,303
2398,423,483
2399,1506,1566
2400,1550,1610
2401,444,504
2402,1652,1734
2403,1204,1264
2404,380,440
2405,1445,1520
2406,1696,1756
2407,-70,-19
2408,1475,1555
2409,1229,1289
2410,480,540
2411,-55,5
2412,1492,1536
2413,120,180
2414,263,323
2415,424,484
2416,1577,1650
2417,249,309
2418,1140,1200
2419,1244,1304
2420,1605,1687
2421,1286,1346
2422,1616,1703
2423,1674,1745
2424,1382,1442
2425,1287,1347
2426,1451,1511
2427,1600,1661
2428,1704,1752
2429,1411,1471
2430,1674,1748
2431,1130,1190
2432,1429,1489
2433,1380,1440
2434,1668,1752
2435,1695,1755
2436,1709,1769
2437,1325,1385
2438,1250,1310
2439,1346,1426
2440,1614,1672
2441,1628,1688
2442,1100,1160
2443,1157,1217
2444,1041,1101
2445,1120,1180
2446,1014,1087
2447,1621,1670
2448,1111,1171
2449,1178,1238
2450,1695,1756
2451,1625,1672
2452,741,801
2453,928,988
2454,1725,1759
2455,1650,1724
2456,948,1008
2457,1471,1531
2458,1689,1754
2459,1632,1723
2461,232,314
2460,-40,20
2462,-620,-520
2463,-449,-359
2464,210,270
2465,1437,1517
2466,1033,1093
2467,1410,1460
2468,1705,1765
2469,1050,1110
2470,1055,1115
2471,1434,1494
2472,410,470
2473,-560,-500
2474,518,578
2475,-567,-507
2476,-642,-582
2477,425,491
2478,-503,-443
2479,-123,-63
2480,166,264
2481,233,293
2482,-666,-606
2483,886,946
2484,-437,-377
2485,915,975
2486,1690,1760
2487,1364,1424
2488,859,919
2489,-299,-239
2490,1080,1140
2491,-550,-490
2492,387,447
2493,1550,1616
2494,1487,1531
669,-590,-530
220,-144,-84
