NameInIndex,UO_ID,NameOnChart,case,VisualCase,OnChartCategory,On Chart: Line #,Index Category 1,reason
Abdalrahman,7.0,,case2,D,,,,No chart placement (On Chart: Line # is missing or zero)
Abdalrahman,8.0,,case1,C,,,M,No chart placement (On Chart: Line # is missing or zero)
Achmet,27.0,,case3,A,,,Cr,No chart placement (On Chart: Line # is missing or zero)
Aeacus,39.0,Aeacus,none,A,Statesmen and Warriors,22.0,,"Case missing or set to ""none"""
Aemilius,44.0,,case3,A,,,,No chart placement (On Chart: Line # is missing or zero)
"Aemilius, P.",45.0,,case2,D,,,,No chart placement (On Chart: Line # is missing or zero)
Aenotrus,49.0,Aenotrus,none,A,Statesmen and Warriors,26.0,,"Case missing or set to ""none"""
Aetius Amidenus,58.0,,case3,A,,,Ph,No chart placement (On Chart: Line # is missing or zero)
Aetolus,59.0,Aetolus,none,A,Statesmen and Warriors,27.0,,"Case missing or set to ""none"""
Alexander Severus,127.0,,case1,C,,,,No chart placement (On Chart: Line # is missing or zero)
Alliacus,139.0,,case2,D,,,D,No chart placement (On Chart: Line # is missing or zero)
Alredus,147.0,,case2,E,,,H,No chart placement (On Chart: Line # is missing or zero)
Anastasius Alexandrinus,169.0,,case1,C,,,Cr,No chart placement (On Chart: Line # is missing or zero)
Antinous,199.0,,case2,D,,,,No chart placement (On Chart: Line # is missing or zero)
Aristides Aelius,266.0,,case1,C,,,Cr,No chart placement (On Chart: Line # is missing or zero)
Artemidorus Ephesius,293.0,,case3,A,,,HP,No chart placement (On Chart: Line # is missing or zero)
Asclepiades,305.0,,case8,F,,,Ph,No chart placement (On Chart: Line # is missing or zero)
Boethius Hector,422.0,H. Boethius,none,N,Historians and Antiquaries Lawyers,6.0,H,"Case missing or set to ""none"""
Boniface,427.0,Boniface,none,A,Divines and Metaphysicians &cc,25.0,,"Case missing or set to ""none"""
Borgia Caesar,430.0,,case2,D,,,,No chart placement (On Chart: Line # is missing or zero)
Bouguer,433.0,Bouguer,none,A,Mathematicians &cc Physicians,24.0,,"Case missing or set to ""none"""
Caracalla,503.0,,case1,C,,,,No chart placement (On Chart: Line # is missing or zero)
Cauliaco,535.0,Cauliaco,none,A,Mathematicians &cc Physicians,7.0,,"Case missing or set to ""none"""
Ceres,547.0,,case3,A,,,,No chart placement (On Chart: Line # is missing or zero)
Cinnamus,593.0,,case8,F,,,H,No chart placement (On Chart: Line # is missing or zero)
Clotaire 2nd,615.0,,case1,C,,,,No chart placement (On Chart: Line # is missing or zero)
Conon,639.0,,case2,D,,,,No chart placement (On Chart: Line # is missing or zero)
Croesus,691.0,,case3,A,,,,No chart placement (On Chart: Line # is missing or zero)
Dionysius Exiguus,771.0,,case3,A,,,L,No chart placement (On Chart: Line # is missing or zero)
Domitian,787.0,,case1,C,,,,No chart placement (On Chart: Line # is missing or zero)
Edward Confessor,815.0,Edward Conf:,case1,C,Statesmen and Warriors,0.0,,No chart placement (On Chart: Line # is missing or zero)
Elfric,822.0,Elfric,none,A,Divines and Metaphysicians &cc,22.0,,"Case missing or set to ""none"""
Eustachius,880.0,Eustachius,none,A,Mathematicians &cc Physicians,6.0,,"Case missing or set to ""none"""
Favonius,907.0,,case3,A,,,F,No chart placement (On Chart: Line # is missing or zero)
"Frederic, 3rd",941.0,,case2,D,,,,No chart placement (On Chart: Line # is missing or zero)
"Frobisher, Martin",947.0,,case2,D,,,,No chart placement (On Chart: Line # is missing or zero)
Gallienus,961.0,,case1,C,,,,No chart placement (On Chart: Line # is missing or zero)
Gasper Barthius,969.0,,case1,C,,,Cr,No chart placement (On Chart: Line # is missing or zero)
Gilulfus,1001.0,,case2,D,,,,No chart placement (On Chart: Line # is missing or zero)
"Giraldus, Cambrensis",1003.0,Giraldus C.,none,,Historians and Antiquaries Lawyers,13.0,H,"Case missing or set to ""none"""
"Gothofredus, Arnold",1017.0,,case1,C,,,L,No chart placement (On Chart: Line # is missing or zero)
Gregory Neocaesariensis,1037.0,,case8,F,,,F,No chart placement (On Chart: Line # is missing or zero)
Harley,1091.0,,case1,C,,,,No chart placement (On Chart: Line # is missing or zero)
Hazael,1107.0,,case2,D,,,,No chart placement (On Chart: Line # is missing or zero)
Hemoaldus,1122.0,,case3,A,,,M,No chart placement (On Chart: Line # is missing or zero)
Hermogenes,1141.0,,case3,A,,,M,No chart placement (On Chart: Line # is missing or zero)
Herod the Great,1147.0,,case1,C,,,,No chart placement (On Chart: Line # is missing or zero)
Himilco,1170.0,,case3,A,,,,No chart placement (On Chart: Line # is missing or zero)
Hoshea,1205.0,Hoshea,none,A,Statesmen and Warriors,17.0,,"Case missing or set to ""none"""
Hypatia,1229.0,,case2,D,,,M,No chart placement (On Chart: Line # is missing or zero)
Imilee,1237.0,Imilee,none,A,Statesmen and Warriors,26.0,,"Case missing or set to ""none"""
,1250.5,Is. Sosi,none,,Divines and Metaphysicians &cc,13.0,,"Case missing or set to ""none"""
Jacob Al Mansur,1263.0,,case8,F,,,,No chart placement (On Chart: Line # is missing or zero)
Juventius Celsus,1336.0,J. Celsus,none,N,Historians and Antiquaries Lawyers,6.0,L,"Case missing or set to ""none"""
Laelius,1355.0,,case3,A,,,Cr,No chart placement (On Chart: Line # is missing or zero)
Lardner,1366.0,Lardner,none,A,Divines and Metaphysicians &cc,5.0,,"Case missing or set to ""none"""
Libavius,1400.0,Libavius,none,A,Mathematicians &cc Physicians,1.0,,"Case missing or set to ""none"""
"Makin, Al",1467.0,Al Makin,none,N,Historians and Antiquaries Lawyers,11.0,H,"Case missing or set to ""none"""
Marcellus,1495.0,,case2,D,,,,No chart placement (On Chart: Line # is missing or zero)
Massinello,1517.0,,case2,D,,,,No chart placement (On Chart: Line # is missing or zero)
Meleager,1543.0,,case3,A,,,,No chart placement (On Chart: Line # is missing or zero)
Menno,1554.0,Menno,none,A,Divines and Metaphysicians &cc,25.0,,"Case missing or set to ""none"""
Micah,1572.0,Micah,none,A,Divines and Metaphysicians &cc,6.0,,"Case missing or set to ""none"""
Nemesian,1641.0,,case3,A,,,P,No chart placement (On Chart: Line # is missing or zero)
Oenotrus,1691.0,,case3,A,,,,No chart placement (On Chart: Line # is missing or zero)
Onias,1703.0,,case2,D,,,J,No chart placement (On Chart: Line # is missing or zero)
Orobio,1713.0,,case2,D,,,J,No chart placement (On Chart: Line # is missing or zero)
Oxienstiern,1731.0,,case3,A,,,,No chart placement (On Chart: Line # is missing or zero)
Peter of Blois,1810.0,,case2,D,,,H,No chart placement (On Chart: Line # is missing or zero)
"Philo, Byzantinus",1848.0,,case3,A,,,M,No chart placement (On Chart: Line # is missing or zero)
Phraortes,1865.0,Phraortes,none,A,Statesmen and Warriors,3.0,,"Case missing or set to ""none"""
Phryxus,1867.0,,case3,A,,,,No chart placement (On Chart: Line # is missing or zero)
Polycrates,1904.0,,case2,D,,,,No chart placement (On Chart: Line # is missing or zero)
Rapin,1964.0,,case1,C,,,H,No chart placement (On Chart: Line # is missing or zero)
Ratheir,1965.0,Ratheir,none,A,Divines and Metaphysicians &cc,9.0,,"Case missing or set to ""none"""
Rohault,2003.0,,case1,C,,,M,No chart placement (On Chart: Line # is missing or zero)
Russel Admiral,2019.0,Ad: Russel,case1,C,Statesmen and Warriors,0.0,,No chart placement (On Chart: Line # is missing or zero)
Rutilius,2021.0,,case3,A,,,P,No chart placement (On Chart: Line # is missing or zero)
Scheiner,2065.0,Scheiner,none,A,Mathematicians &cc Physicians,6.0,,"Case missing or set to ""none"""
Smith,2136.0,Smith,none,A,Mathematicians &cc Physicians,18.0,,"Case missing or set to ""none"""
Snellius,2137.0,Snellius,none,A,Mathematicians &cc Physicians,8.0,,"Case missing or set to ""none"""
St. Amour,2171.0,St. Amour,none,A,Divines and Metaphysicians &cc,19.0,,"Case missing or set to ""none"""
Suisset,2197.0,Suisset,none,A,Mathematicians &cc Physicians,25.0,,"Case missing or set to ""none"""
"Tabari, Al",2216.0,,case1,C,,,H,No chart placement (On Chart: Line # is missing or zero)
Telesius,2234.0,Telesius,none,A,Mathematicians &cc Physicians,29.0,,"Case missing or set to ""none"""
Theodorus,2257.0,,case3,A,,,St,No chart placement (On Chart: Line # is missing or zero)
Theodorus Mop.,2261.0,Theodorus Mop.,none,A,Divines and Metaphysicians &cc,25.0,,"Case missing or set to ""none"""
Thoas,2283.0,,case2,D,,,,No chart placement (On Chart: Line # is missing or zero)
Timotheus,2308.0,Timotheus,none,B,Artists Poets,18.0,,"Case missing or set to ""none"""
Tournefort,2326.0,,case1,C,,,M,No chart placement (On Chart: Line # is missing or zero)
Ulugh Beg,2354.0,,case2,D,,,,No chart placement (On Chart: Line # is missing or zero)
Vet. Valens,2393.0,Vet. Valens,none,A,Mathematicians &cc Physicians,25.0,M,"Case missing or set to ""none"""
Whitfield,2435.0,Whitfield,none,A,Divines and Metaphysicians &cc,2.0,,"Case missing or set to ""none"""
Craesus,669.0,Craesus,none,A,Statesmen and Warriors,8.0,,"Case missing or set to ""none"""
Apollodorus,220.0,Apollodorus,case3,A,,,,No chart placement (On Chart: Line # is missing or zero)
